[{"model": "admin.logentry", "pk": 1, "fields": {"action_time": "2023-12-16T17:49:41.514Z", "user": 1, "content_type": 6, "object_id": "1", "object_repr": "Path to the Dawn", "action_flag": 1, "change_message": "[{\"added\": {}}]"}}, {"model": "admin.logentry", "pk": 2, "fields": {"action_time": "2023-12-16T17:50:23.566Z", "user": 1, "content_type": 6, "object_id": "2", "object_repr": "Whispering Shadows", "action_flag": 1, "change_message": "[{\"added\": {}}]"}}, {"model": "admin.logentry", "pk": 3, "fields": {"action_time": "2023-12-16T17:51:28.662Z", "user": 1, "content_type": 6, "object_id": "3", "object_repr": "Chronicles of Eternity", "action_flag": 1, "change_message": "[{\"added\": {}}]"}}, {"model": "admin.logentry", "pk": 4, "fields": {"action_time": "2023-12-16T17:51:52.573Z", "user": 1, "content_type": 6, "object_id": "4", "object_repr": "Beyond the Horizon", "action_flag": 1, "change_message": "[{\"added\": {}}]"}}, {"model": "admin.logentry", "pk": 5, "fields": {"action_time": "2023-12-16T17:52:17.653Z", "user": 1, "content_type": 6, "object_id": "5", "object_repr": "Stars in the Mist", "action_flag": 1, "change_message": "[{\"added\": {}}]"}}, {"model": "admin.logentry", "pk": 6, "fields": {"action_time": "2023-12-16T17:52:33.102Z", "user": 1, "content_type": 6, "object_id": "6", "object_repr": "Echoes of Atlantis", "action_flag": 1, "change_message": "[{\"added\": {}}]"}}, {"model": "admin.logentry", "pk": 7, "fields": {"action_time": "2023-12-16T17:52:56.154Z", "user": 1, "content_type": 6, "object_id": "7", "object_repr": "Enchanting Alchemy", "action_flag": 1, "change_message": "[{\"added\": {}}]"}}, {"model": "admin.logentry", "pk": 8, "fields": {"action_time": "2023-12-16T17:53:12.942Z", "user": 1, "content_type": 6, "object_id": "8", "object_repr": "Celestial Harmony", "action_flag": 1, "change_message": "[{\"added\": {}}]"}}, {"model": "admin.logentry", "pk": 9, "fields": {"action_time": "2023-12-16T17:54:01.488Z", "user": 1, "content_type": 8, "object_id": "2", "object_repr": "tester@gmail.com", "action_flag": 1, "change_message": "[{\"added\": {}}]"}}, {"model": "admin.logentry", "pk": 10, "fields": {"action_time": "2023-12-16T17:54:25.388Z", "user": 1, "content_type": 8, "object_id": "3", "object_repr": "tester2@gmail.com", "action_flag": 1, "change_message": "[{\"added\": {}}]"}}, {"model": "admin.logentry", "pk": 11, "fields": {"action_time": "2023-12-16T17:54:43.186Z", "user": 1, "content_type": 8, "object_id": "4", "object_repr": "tester3@gmail.com", "action_flag": 1, "change_message": "[{\"added\": {}}]"}}, {"model": "admin.logentry", "pk": 12, "fields": {"action_time": "2023-12-16T17:55:01.624Z", "user": 1, "content_type": 8, "object_id": "5", "object_repr": "tester4@gmail.com", "action_flag": 1, "change_message": "[{\"added\": {}}]"}}, {"model": "admin.logentry", "pk": 13, "fields": {"action_time": "2023-12-16T17:55:54.125Z", "user": 1, "content_type": 7, "object_id": "1", "object_repr": "Path to the Dawn, Taken 2023-12-16", "action_flag": 1, "change_message": "[{\"added\": {}}]"}}, {"model": "admin.logentry", "pk": 14, "fields": {"action_time": "2023-12-16T17:56:09.850Z", "user": 1, "content_type": 7, "object_id": "2", "object_repr": "Stars in the Mist, Taken 2023-12-16", "action_flag": 1, "change_message": "[{\"added\": {}}]"}}, {"model": "admin.logentry", "pk": 15, "fields": {"action_time": "2023-12-16T17:56:21.734Z", "user": 1, "content_type": 7, "object_id": "3", "object_repr": "Stars in the Mist, Taken 2023-12-16", "action_flag": 1, "change_message": "[{\"added\": {}}]"}}, {"model": "admin.logentry", "pk": 16, "fields": {"action_time": "2023-12-16T17:56:34.079Z", "user": 1, "content_type": 7, "object_id": "4", "object_repr": "Celestial Harmony, Taken 2023-12-16", "action_flag": 1, "change_message": "[{\"added\": {}}]"}}, {"model": "admin.logentry", "pk": 17, "fields": {"action_time": "2023-12-16T17:56:49.429Z", "user": 1, "content_type": 7, "object_id": "5", "object_repr": "Celestial Harmony, Taken 2023-12-16", "action_flag": 1, "change_message": "[{\"added\": {}}]"}}, {"model": "admin.logentry", "pk": 18, "fields": {"action_time": "2023-12-18T09:13:12.158Z", "user": 1, "content_type": 6, "object_id": "9", "object_repr": "To Kill a Mockingbird", "action_flag": 1, "change_message": "[{\"added\": {}}]"}}, {"model": "admin.logentry", "pk": 19, "fields": {"action_time": "2023-12-18T09:13:39.322Z", "user": 1, "content_type": 6, "object_id": "9", "object_repr": "To Kill a Mockingbird", "action_flag": 2, "change_message": "[]"}}, {"model": "admin.logentry", "pk": 20, "fields": {"action_time": "2023-12-18T09:15:38.453Z", "user": 1, "content_type": 6, "object_id": "10", "object_repr": "The Great Gatsby", "action_flag": 1, "change_message": "[{\"added\": {}}]"}}, {"model": "admin.logentry", "pk": 21, "fields": {"action_time": "2023-12-18T09:16:59.112Z", "user": 1, "content_type": 6, "object_id": "11", "object_repr": "Pride and Prejudice", "action_flag": 1, "change_message": "[{\"added\": {}}]"}}, {"model": "admin.logentry", "pk": 22, "fields": {"action_time": "2023-12-18T09:18:05.732Z", "user": 1, "content_type": 6, "object_id": "12", "object_repr": "The Catcher in the Rye", "action_flag": 1, "change_message": "[{\"added\": {}}]"}}, {"model": "admin.logentry", "pk": 23, "fields": {"action_time": "2023-12-18T09:19:31.576Z", "user": 1, "content_type": 6, "object_id": "13", "object_repr": "Harry Potter and the Sorcerer's Stone", "action_flag": 1, "change_message": "[{\"added\": {}}]"}}, {"model": "admin.logentry", "pk": 24, "fields": {"action_time": "2023-12-18T09:20:33.547Z", "user": 1, "content_type": 6, "object_id": "14", "object_repr": "To the Lighthouse", "action_flag": 1, "change_message": "[{\"added\": {}}]"}}, {"model": "admin.logentry", "pk": 25, "fields": {"action_time": "2023-12-18T09:21:54.183Z", "user": 1, "content_type": 6, "object_id": "15", "object_repr": "The Lord of the Rings: The Fellowship of the Ring", "action_flag": 1, "change_message": "[{\"added\": {}}]"}}, {"model": "admin.logentry", "pk": 26, "fields": {"action_time": "2023-12-18T09:23:28.885Z", "user": 1, "content_type": 6, "object_id": "16", "object_repr": "The Hobbit", "action_flag": 1, "change_message": "[{\"added\": {}}]"}}, {"model": "admin.logentry", "pk": 27, "fields": {"action_time": "2023-12-18T09:24:20.009Z", "user": 1, "content_type": 6, "object_id": "17", "object_repr": "Brave New World", "action_flag": 1, "change_message": "[{\"added\": {}}]"}}, {"model": "admin.logentry", "pk": 28, "fields": {"action_time": "2023-12-18T09:26:28.344Z", "user": 1, "content_type": 6, "object_id": "18", "object_repr": "Kobzar", "action_flag": 1, "change_message": "[{\"added\": {}}]"}}, {"model": "admin.logentry", "pk": 29, "fields": {"action_time": "2023-12-18T09:28:18.194Z", "user": 1, "content_type": 6, "object_id": "19", "object_repr": "The Alchemist", "action_flag": 1, "change_message": "[{\"added\": {}}]"}}, {"model": "admin.logentry", "pk": 30, "fields": {"action_time": "2023-12-18T09:29:27.375Z", "user": 1, "content_type": 6, "object_id": "20", "object_repr": "The Da Vinci Code", "action_flag": 1, "change_message": "[{\"added\": {}}]"}}, {"model": "admin.logentry", "pk": 31, "fields": {"action_time": "2023-12-18T09:39:04.156Z", "user": 1, "content_type": 8, "object_id": "7", "object_repr": "pidborskii17@gmail.com", "action_flag": 1, "change_message": "[{\"added\": {}}]"}}, {"model": "admin.logentry", "pk": 32, "fields": {"action_time": "2023-12-18T09:40:31.615Z", "user": 1, "content_type": 8, "object_id": "8", "object_repr": "petrykiv.dmytro19@gmail.com", "action_flag": 1, "change_message": "[{\"added\": {}}]"}}, {"model": "admin.logentry", "pk": 33, "fields": {"action_time": "2023-12-18T09:40:50.246Z", "user": 1, "content_type": 8, "object_id": "8", "object_repr": "petrykiv.dmytro19@gmail.com", "action_flag": 2, "change_message": "[]"}}, {"model": "admin.logentry", "pk": 34, "fields": {"action_time": "2023-12-18T09:41:15.046Z", "user": 1, "content_type": 8, "object_id": "9", "object_repr": "sevkrok@gmail.com", "action_flag": 1, "change_message": "[{\"added\": {}}]"}}, {"model": "admin.logentry", "pk": 35, "fields": {"action_time": "2023-12-18T09:41:26.294Z", "user": 1, "content_type": 8, "object_id": "9", "object_repr": "sevkrok@gmail.com", "action_flag": 2, "change_message": "[]"}}, {"model": "admin.logentry", "pk": 36, "fields": {"action_time": "2023-12-18T09:41:56.814Z", "user": 1, "content_type": 8, "object_id": "10", "object_repr": "2prochigor@gmail.com", "action_flag": 1, "change_message": "[{\"added\": {}}]"}}, {"model": "admin.logentry", "pk": 37, "fields": {"action_time": "2023-12-18T09:42:09.665Z", "user": 1, "content_type": 8, "object_id": "10", "object_repr": "2prochigor@gmail.com", "action_flag": 2, "change_message": "[]"}}, {"model": "admin.logentry", "pk": 38, "fields": {"action_time": "2023-12-18T09:42:40.222Z", "user": 1, "content_type": 8, "object_id": "11", "object_repr": "den.prislipskyi@gmail.com", "action_flag": 1, "change_message": "[{\"added\": {}}]"}}, {"model": "admin.logentry", "pk": 39, "fields": {"action_time": "2023-12-18T09:42:49.275Z", "user": 1, "content_type": 8, "object_id": "11", "object_repr": "den.prislipskyi@gmail.com", "action_flag": 2, "change_message": "[]"}}, {"model": "admin.logentry", "pk": 40, "fields": {"action_time": "2023-12-18T09:43:15.361Z", "user": 1, "content_type": 8, "object_id": "6", "object_repr": "b@gmail.com", "action_flag": 3, "change_message": ""}}, {"model": "admin.logentry", "pk": 41, "fields": {"action_time": "2023-12-18T09:46:10.368Z", "user": 1, "content_type": 7, "object_id": "6", "object_repr": "Id: 6, Path to the Dawn, Taken 2023-12-18,||| boorowing 2023-12-17 | den.prislipskyi@gmail.com", "action_flag": 1, "change_message": "[{\"added\": {}}]"}}, {"model": "admin.logentry", "pk": 42, "fields": {"action_time": "2023-12-18T09:47:14.475Z", "user": 1, "content_type": 7, "object_id": "7", "object_repr": "Id: 7, Whispering Shadows, Taken 2023-12-18,||| boorowing 2023-12-17 | den.prislipskyi@gmail.com", "action_flag": 1, "change_message": "[{\"added\": {}}]"}}, {"model": "admin.logentry", "pk": 43, "fields": {"action_time": "2023-12-18T09:47:31.723Z", "user": 1, "content_type": 7, "object_id": "7", "object_repr": "Id: 7, Whispering Shadows, Taken 2023-12-18,||| boorowing 2023-12-15 | den.prislipskyi@gmail.com", "action_flag": 2, "change_message": "[{\"changed\": {\"fields\": [\"Expected return date\"]}}]"}}, {"model": "admin.logentry", "pk": 44, "fields": {"action_time": "2023-12-18T09:47:44.542Z", "user": 1, "content_type": 7, "object_id": "6", "object_repr": "Id: 6, Path to the Dawn, Taken 2023-12-18,||| boorowing 2023-12-28 | den.prislipskyi@gmail.com", "action_flag": 2, "change_message": "[{\"changed\": {\"fields\": [\"Expected return date\"]}}]"}}, {"model": "admin.logentry", "pk": 45, "fields": {"action_time": "2023-12-18T09:48:17.065Z", "user": 1, "content_type": 7, "object_id": "8", "object_repr": "Id: 8, Beyond the Horizon, Taken 2023-12-18,||| boorowing 2023-12-16 | 2prochigor@gmail.com", "action_flag": 1, "change_message": "[{\"added\": {}}]"}}, {"model": "admin.logentry", "pk": 46, "fields": {"action_time": "2023-12-18T09:48:35.421Z", "user": 1, "content_type": 7, "object_id": "9", "object_repr": "Id: 9, Beyond the Horizon, Taken 2023-12-18,||| boorowing 2023-12-27 | 2prochigor@gmail.com", "action_flag": 1, "change_message": "[{\"added\": {}}]"}}, {"model": "admin.logentry", "pk": 47, "fields": {"action_time": "2023-12-18T09:48:56.685Z", "user": 1, "content_type": 7, "object_id": "10", "object_repr": "Id: 10, Stars in the Mist, Taken 2023-12-18,||| boorowing 2023-12-13 | petrykiv.dmytro19@gmail.com", "action_flag": 1, "change_message": "[{\"added\": {}}]"}}, {"model": "admin.logentry", "pk": 48, "fields": {"action_time": "2023-12-18T09:49:17.138Z", "user": 1, "content_type": 7, "object_id": "11", "object_repr": "Id: 11, Enchanting Alchemy, Taken 2023-12-18,||| boorowing 2023-12-24 | petrykiv.dmytro19@gmail.com", "action_flag": 1, "change_message": "[{\"added\": {}}]"}}, {"model": "admin.logentry", "pk": 49, "fields": {"action_time": "2023-12-18T09:49:44.832Z", "user": 1, "content_type": 7, "object_id": "12", "object_repr": "Id: 12, Enchanting Alchemy, Taken 2023-12-18,||| boorowing 2023-12-26 | sevkrok@gmail.com", "action_flag": 1, "change_message": "[{\"added\": {}}]"}}, {"model": "admin.logentry", "pk": 50, "fields": {"action_time": "2023-12-18T09:49:59.677Z", "user": 1, "content_type": 7, "object_id": "13", "object_repr": "Id: 13, To Kill a Mockingbird, Taken 2023-12-18,||| boorowing 2023-12-15 | sevkrok@gmail.com", "action_flag": 1, "change_message": "[{\"added\": {}}]"}}, {"model": "admin.logentry", "pk": 51, "fields": {"action_time": "2023-12-18T09:50:19.666Z", "user": 1, "content_type": 7, "object_id": "14", "object_repr": "Id: 14, The Great Gatsby, Taken 2023-12-18,||| boorowing 2023-12-27 | pidborskii17@gmail.com", "action_flag": 1, "change_message": "[{\"added\": {}}]"}}, {"model": "admin.logentry", "pk": 52, "fields": {"action_time": "2023-12-18T09:50:44.476Z", "user": 1, "content_type": 7, "object_id": "15", "object_repr": "Id: 15, Pride and Prejudice, Taken 2023-12-18,||| boorowing 2023-12-14 | pidborskii17@gmail.com", "action_flag": 1, "change_message": "[{\"added\": {}}]"}}, {"model": "admin.logentry", "pk": 53, "fields": {"action_time": "2023-12-18T10:16:06.637Z", "user": 1, "content_type": 9, "object_id": "1", "object_repr": "Payment #1 - PENDING by den.prislipskyi@gmail.com", "action_flag": 1, "change_message": "[{\"added\": {}}]"}}, {"model": "admin.logentry", "pk": 54, "fields": {"action_time": "2023-12-18T10:17:29.458Z", "user": 1, "content_type": 9, "object_id": "2", "object_repr": "Payment #2 - PENDING by den.prislipskyi@gmail.com", "action_flag": 1, "change_message": "[{\"added\": {}}]"}}, {"model": "admin.logentry", "pk": 55, "fields": {"action_time": "2023-12-18T10:18:36.808Z", "user": 1, "content_type": 9, "object_id": "2", "object_repr": "Payment #2 - PENDING by den.prislipskyi@gmail.com", "action_flag": 3, "change_message": ""}}, {"model": "admin.logentry", "pk": 56, "fields": {"action_time": "2023-12-18T10:18:45.623Z", "user": 1, "content_type": 9, "object_id": "1", "object_repr": "Payment #1 - PENDING by den.prislipskyi@gmail.com", "action_flag": 3, "change_message": ""}}, {"model": "admin.logentry", "pk": 57, "fields": {"action_time": "2023-12-18T10:35:29.670Z", "user": 1, "content_type": 9, "object_id": "4", "object_repr": "Payment #4 - PENDING by tester3@gmail.com", "action_flag": 1, "change_message": "[{\"added\": {}}]"}}, {"model": "admin.logentry", "pk": 58, "fields": {"action_time": "2023-12-18T11:02:05.446Z", "user": 1, "content_type": 9, "object_id": "3", "object_repr": "Payment #3 - PENDING by admin@admin.com", "action_flag": 3, "change_message": ""}}, {"model": "admin.logentry", "pk": 59, "fields": {"action_time": "2023-12-18T11:02:13.596Z", "user": 1, "content_type": 9, "object_id": "4", "object_repr": "Payment #4 - PENDING by tester3@gmail.com", "action_flag": 3, "change_message": ""}}, {"model": "admin.logentry", "pk": 60, "fields": {"action_time": "2023-12-18T11:02:38.827Z", "user": 1, "content_type": 7, "object_id": "10", "object_repr": "Id: 10, Stars in the Mist, Taken 2023-12-18,||| boorowing 2023-12-28 | petrykiv.dmytro19@gmail.com", "action_flag": 2, "change_message": "[{\"changed\": {\"fields\": [\"Expected return date\"]}}]"}}, {"model": "admin.logentry", "pk": 61, "fields": {"action_time": "2023-12-18T11:11:29.302Z", "user": 1, "content_type": 7, "object_id": "10", "object_repr": "Id: 10, Stars in the Mist, Taken 2023-12-18,||| boorowing 2023-12-28 | petrykiv.dmytro19@gmail.com", "action_flag": 3, "change_message": ""}}, {"model": "admin.logentry", "pk": 62, "fields": {"action_time": "2023-12-18T11:11:34.310Z", "user": 1, "content_type": 7, "object_id": "11", "object_repr": "Id: 11, Enchanting Alchemy, Taken 2023-12-18,||| boorowing 2023-12-24 | petrykiv.dmytro19@gmail.com", "action_flag": 3, "change_message": ""}}, {"model": "admin.logentry", "pk": 63, "fields": {"action_time": "2023-12-18T11:13:22.648Z", "user": 1, "content_type": 9, "object_id": "5", "object_repr": "Payment #5 - PENDING by petrykiv.dmytro19@gmail.com", "action_flag": 3, "change_message": ""}}, {"model": "admin.logentry", "pk": 64, "fields": {"action_time": "2023-12-18T11:15:29.078Z", "user": 1, "content_type": 7, "object_id": "17", "object_repr": "Id: 17, Path to the Dawn, Taken 2023-12-18,||| boorowing 2023-12-24 | petrykiv.dmytro19@gmail.com", "action_flag": 3, "change_message": ""}}, {"model": "admin.logentry", "pk": 65, "fields": {"action_time": "2023-12-18T11:46:16.458Z", "user": 1, "content_type": 9, "object_id": "6", "object_repr": "Payment #6 - PAID by petrykiv.dmytro19@gmail.com", "action_flag": 2, "change_message": "[{\"changed\": {\"fields\": [\"Status\"]}}]"}}, {"model": "admin.logentry", "pk": 66, "fields": {"action_time": "2023-12-18T11:46:52.756Z", "user": 1, "content_type": 9, "object_id": "6", "object_repr": "Payment #6 - PAID by petrykiv.dmytro19@gmail.com", "action_flag": 2, "change_message": "[{\"changed\": {\"fields\": [\"Type\"]}}]"}}, {"model": "admin.logentry", "pk": 67, "fields": {"action_time": "2023-12-18T11:47:03.871Z", "user": 1, "content_type": 9, "object_id": "7", "object_repr": "Payment #7 - PAID by petrykiv.dmytro19@gmail.com", "action_flag": 2, "change_message": "[{\"changed\": {\"fields\": [\"Status\", \"Type\"]}}]"}}, {"model": "admin.logentry", "pk": 68, "fields": {"action_time": "2023-12-18T11:49:53.003Z", "user": 1, "content_type": 7, "object_id": "20", "object_repr": "Id: 20, To Kill a Mockingbird, Taken 2023-12-18,||| boorowing 2023-12-25 | petrykiv.dmytro19@gmail.com", "action_flag": 3, "change_message": ""}}, {"model": "admin.logentry", "pk": 69, "fields": {"action_time": "2023-12-18T11:50:17.978Z", "user": 1, "content_type": 7, "object_id": "19", "object_repr": "Id: 19, Chronicles of Eternity, Taken 2023-12-18,||| boorowing 2023-12-23 | petrykiv.dmytro19@gmail.com", "action_flag": 3, "change_message": ""}}, {"model": "admin.logentry", "pk": 70, "fields": {"action_time": "2023-12-18T11:50:27.461Z", "user": 1, "content_type": 7, "object_id": "18", "object_repr": "Id: 18, Whispering Shadows, Taken 2023-12-18,||| boorowing 2023-12-23 | petrykiv.dmytro19@gmail.com", "action_flag": 3, "change_message": ""}}, {"model": "admin.logentry", "pk": 71, "fields": {"action_time": "2023-12-18T11:50:37.770Z", "user": 1, "content_type": 7, "object_id": "15", "object_repr": "Id: 15, Pride and Prejudice, Taken 2023-12-18,||| boorowing 2023-12-14 | pidborskii17@gmail.com", "action_flag": 3, "change_message": ""}}, {"model": "admin.logentry", "pk": 72, "fields": {"action_time": "2023-12-18T11:50:41.269Z", "user": 1, "content_type": 7, "object_id": "14", "object_repr": "Id: 14, The Great Gatsby, Taken 2023-12-18,||| boorowing 2023-12-27 | pidborskii17@gmail.com", "action_flag": 3, "change_message": ""}}, {"model": "admin.logentry", "pk": 73, "fields": {"action_time": "2023-12-18T11:50:44.609Z", "user": 1, "content_type": 7, "object_id": "13", "object_repr": "Id: 13, To Kill a Mockingbird, Taken 2023-12-18,||| boorowing 2023-12-15 | sevkrok@gmail.com", "action_flag": 3, "change_message": ""}}, {"model": "admin.logentry", "pk": 74, "fields": {"action_time": "2023-12-18T11:50:47.665Z", "user": 1, "content_type": 7, "object_id": "9", "object_repr": "Id: 9, Beyond the Horizon, Taken 2023-12-18,||| boorowing 2023-12-27 | 2prochigor@gmail.com", "action_flag": 3, "change_message": ""}}, {"model": "admin.logentry", "pk": 75, "fields": {"action_time": "2023-12-18T11:51:26.714Z", "user": 1, "content_type": 7, "object_id": "21", "object_repr": "Id: 21, Kobzar, Taken 2023-12-18,||| boorowing 2023-12-23 | petrykiv.dmytro19@gmail.com", "action_flag": 3, "change_message": ""}}, {"model": "admin.logentry", "pk": 76, "fields": {"action_time": "2023-12-18T11:55:31.580Z", "user": 1, "content_type": 7, "object_id": "22", "object_repr": "Id: 22, Beyond the Horizon, Taken 2023-12-18,||| boorowing 2023-12-25 | petrykiv.dmytro19@gmail.com", "action_flag": 3, "change_message": ""}}, {"model": "admin.logentry", "pk": 77, "fields": {"action_time": "2023-12-18T11:57:31.729Z", "user": 1, "content_type": 7, "object_id": "23", "object_repr": "Id: 23, Stars in the Mist, Taken 2023-12-18,||| boorowing 2023-12-28 | petrykiv.dmytro19@gmail.com", "action_flag": 3, "change_message": ""}}, {"model": "admin.logentry", "pk": 78, "fields": {"action_time": "2023-12-18T12:06:09.900Z", "user": 1, "content_type": 7, "object_id": "7", "object_repr": "Id: 7, Whispering Shadows, Taken 2023-12-18,||| boorowing 2023-12-15 | den.prislipskyi@gmail.com", "action_flag": 3, "change_message": ""}}, {"model": "admin.logentry", "pk": 79, "fields": {"action_time": "2023-12-18T12:06:28.326Z", "user": 1, "content_type": 7, "object_id": "6", "object_repr": "Id: 6, Path to the Dawn, Taken 2023-12-18,||| boorowing 2023-12-28 | den.prislipskyi@gmail.com", "action_flag": 3, "change_message": ""}}, {"model": "admin.logentry", "pk": 80, "fields": {"action_time": "2023-12-18T12:08:59.693Z", "user": 1, "content_type": 7, "object_id": "8", "object_repr": "Id: 8, Beyond the Horizon, Taken 2023-12-18,||| boorowing 2023-12-16 | 2prochigor@gmail.com", "action_flag": 3, "change_message": ""}}, {"model": "admin.logentry", "pk": 81, "fields": {"action_time": "2023-12-18T12:09:11.905Z", "user": 1, "content_type": 7, "object_id": "25", "object_repr": "Id: 25, Kobzar, Taken 2023-12-18,||| boorowing 2023-12-29 | den.prislipskyi@gmail.com", "action_flag": 3, "change_message": ""}}, {"model": "admin.logentry", "pk": 82, "fields": {"action_time": "2023-12-18T12:10:31.665Z", "user": 1, "content_type": 8, "object_id": "11", "object_repr": "den.prislipskyi@gmail.com", "action_flag": 2, "change_message": "[]"}}, {"model": "admin.logentry", "pk": 83, "fields": {"action_time": "2023-12-18T12:15:02.949Z", "user": 1, "content_type": 7, "object_id": "29", "object_repr": "Id: 29, Kobzar, Taken 2023-12-18,||| boorowing 2023-12-29 | den.prislipskyi@gmail.com", "action_flag": 3, "change_message": ""}}, {"model": "admin.logentry", "pk": 84, "fields": {"action_time": "2023-12-18T12:15:45.175Z", "user": 1, "content_type": 8, "object_id": "11", "object_repr": "den.prislipskyi@gmail.com", "action_flag": 2, "change_message": "[]"}}, {"model": "admin.logentry", "pk": 85, "fields": {"action_time": "2023-12-18T12:16:00.099Z", "user": 1, "content_type": 8, "object_id": "10", "object_repr": "2prochigor@gmail.com", "action_flag": 2, "change_message": "[]"}}, {"model": "admin.logentry", "pk": 86, "fields": {"action_time": "2023-12-18T12:16:57.892Z", "user": 1, "content_type": 8, "object_id": "11", "object_repr": "den.prislipskyi@gmail.com", "action_flag": 2, "change_message": "[]"}}, {"model": "admin.logentry", "pk": 87, "fields": {"action_time": "2023-12-18T12:18:34.478Z", "user": 1, "content_type": 7, "object_id": "12", "object_repr": "Id: 12, Enchanting Alchemy, Taken 2023-12-18,||| boorowing 2023-12-26 | sevkrok@gmail.com", "action_flag": 3, "change_message": ""}}, {"model": "admin.logentry", "pk": 88, "fields": {"action_time": "2023-12-18T12:18:40.971Z", "user": 1, "content_type": 7, "object_id": "30", "object_repr": "Id: 30, Kobzar, Taken 2023-12-18,||| boorowing 2023-12-29 | den.prislipskyi@gmail.com", "action_flag": 3, "change_message": ""}}, {"model": "admin.logentry", "pk": 89, "fields": {"action_time": "2023-12-18T12:26:37.365Z", "user": 1, "content_type": 7, "object_id": "36", "object_repr": "Id: 36, Harry Potter and the Sorcerer's Stone, Taken 2023-12-18,||| boorowing 2023-12-30 | den.prislipskyi@gmail.com", "action_flag": 3, "change_message": ""}}, {"model": "auth.permission", "pk": 1, "fields": {"name": "Can add log entry", "content_type": 1, "codename": "add_logentry"}}, {"model": "auth.permission", "pk": 2, "fields": {"name": "Can change log entry", "content_type": 1, "codename": "change_logentry"}}, {"model": "auth.permission", "pk": 3, "fields": {"name": "Can delete log entry", "content_type": 1, "codename": "delete_logentry"}}, {"model": "auth.permission", "pk": 4, "fields": {"name": "Can view log entry", "content_type": 1, "codename": "view_logentry"}}, {"model": "auth.permission", "pk": 5, "fields": {"name": "Can add permission", "content_type": 2, "codename": "add_permission"}}, {"model": "auth.permission", "pk": 6, "fields": {"name": "Can change permission", "content_type": 2, "codename": "change_permission"}}, {"model": "auth.permission", "pk": 7, "fields": {"name": "Can delete permission", "content_type": 2, "codename": "delete_permission"}}, {"model": "auth.permission", "pk": 8, "fields": {"name": "Can view permission", "content_type": 2, "codename": "view_permission"}}, {"model": "auth.permission", "pk": 9, "fields": {"name": "Can add group", "content_type": 3, "codename": "add_group"}}, {"model": "auth.permission", "pk": 10, "fields": {"name": "Can change group", "content_type": 3, "codename": "change_group"}}, {"model": "auth.permission", "pk": 11, "fields": {"name": "Can delete group", "content_type": 3, "codename": "delete_group"}}, {"model": "auth.permission", "pk": 12, "fields": {"name": "Can view group", "content_type": 3, "codename": "view_group"}}, {"model": "auth.permission", "pk": 13, "fields": {"name": "Can add content type", "content_type": 4, "codename": "add_contenttype"}}, {"model": "auth.permission", "pk": 14, "fields": {"name": "Can change content type", "content_type": 4, "codename": "change_contenttype"}}, {"model": "auth.permission", "pk": 15, "fields": {"name": "Can delete content type", "content_type": 4, "codename": "delete_contenttype"}}, {"model": "auth.permission", "pk": 16, "fields": {"name": "Can view content type", "content_type": 4, "codename": "view_contenttype"}}, {"model": "auth.permission", "pk": 17, "fields": {"name": "Can add session", "content_type": 5, "codename": "add_session"}}, {"model": "auth.permission", "pk": 18, "fields": {"name": "Can change session", "content_type": 5, "codename": "change_session"}}, {"model": "auth.permission", "pk": 19, "fields": {"name": "Can delete session", "content_type": 5, "codename": "delete_session"}}, {"model": "auth.permission", "pk": 20, "fields": {"name": "Can view session", "content_type": 5, "codename": "view_session"}}, {"model": "auth.permission", "pk": 21, "fields": {"name": "Can add book", "content_type": 6, "codename": "add_book"}}, {"model": "auth.permission", "pk": 22, "fields": {"name": "Can change book", "content_type": 6, "codename": "change_book"}}, {"model": "auth.permission", "pk": 23, "fields": {"name": "Can delete book", "content_type": 6, "codename": "delete_book"}}, {"model": "auth.permission", "pk": 24, "fields": {"name": "Can view book", "content_type": 6, "codename": "view_book"}}, {"model": "auth.permission", "pk": 25, "fields": {"name": "Can add borrowing", "content_type": 7, "codename": "add_borrowing"}}, {"model": "auth.permission", "pk": 26, "fields": {"name": "Can change borrowing", "content_type": 7, "codename": "change_borrowing"}}, {"model": "auth.permission", "pk": 27, "fields": {"name": "Can delete borrowing", "content_type": 7, "codename": "delete_borrowing"}}, {"model": "auth.permission", "pk": 28, "fields": {"name": "Can view borrowing", "content_type": 7, "codename": "view_borrowing"}}, {"model": "auth.permission", "pk": 29, "fields": {"name": "Can add user", "content_type": 8, "codename": "add_user"}}, {"model": "auth.permission", "pk": 30, "fields": {"name": "Can change user", "content_type": 8, "codename": "change_user"}}, {"model": "auth.permission", "pk": 31, "fields": {"name": "Can delete user", "content_type": 8, "codename": "delete_user"}}, {"model": "auth.permission", "pk": 32, "fields": {"name": "Can view user", "content_type": 8, "codename": "view_user"}}, {"model": "auth.permission", "pk": 33, "fields": {"name": "Can add payment", "content_type": 9, "codename": "add_payment"}}, {"model": "auth.permission", "pk": 34, "fields": {"name": "Can change payment", "content_type": 9, "codename": "change_payment"}}, {"model": "auth.permission", "pk": 35, "fields": {"name": "Can delete payment", "content_type": 9, "codename": "delete_payment"}}, {"model": "auth.permission", "pk": 36, "fields": {"name": "Can view payment", "content_type": 9, "codename": "view_payment"}}, {"model": "auth.permission", "pk": 37, "fields": {"name": "Can add crontab", "content_type": 10, "codename": "add_crontabschedule"}}, {"model": "auth.permission", "pk": 38, "fields": {"name": "Can change crontab", "content_type": 10, "codename": "change_crontabschedule"}}, {"model": "auth.permission", "pk": 39, "fields": {"name": "Can delete crontab", "content_type": 10, "codename": "delete_crontabschedule"}}, {"model": "auth.permission", "pk": 40, "fields": {"name": "Can view crontab", "content_type": 10, "codename": "view_crontabschedule"}}, {"model": "auth.permission", "pk": 41, "fields": {"name": "Can add interval", "content_type": 11, "codename": "add_intervalschedule"}}, {"model": "auth.permission", "pk": 42, "fields": {"name": "Can change interval", "content_type": 11, "codename": "change_intervalschedule"}}, {"model": "auth.permission", "pk": 43, "fields": {"name": "Can delete interval", "content_type": 11, "codename": "delete_intervalschedule"}}, {"model": "auth.permission", "pk": 44, "fields": {"name": "Can view interval", "content_type": 11, "codename": "view_intervalschedule"}}, {"model": "auth.permission", "pk": 45, "fields": {"name": "Can add periodic task", "content_type": 12, "codename": "add_periodictask"}}, {"model": "auth.permission", "pk": 46, "fields": {"name": "Can change periodic task", "content_type": 12, "codename": "change_periodictask"}}, {"model": "auth.permission", "pk": 47, "fields": {"name": "Can delete periodic task", "content_type": 12, "codename": "delete_periodictask"}}, {"model": "auth.permission", "pk": 48, "fields": {"name": "Can view periodic task", "content_type": 12, "codename": "view_periodictask"}}, {"model": "auth.permission", "pk": 49, "fields": {"name": "Can add periodic tasks", "content_type": 13, "codename": "add_periodictasks"}}, {"model": "auth.permission", "pk": 50, "fields": {"name": "Can change periodic tasks", "content_type": 13, "codename": "change_periodictasks"}}, {"model": "auth.permission", "pk": 51, "fields": {"name": "Can delete periodic tasks", "content_type": 13, "codename": "delete_periodictasks"}}, {"model": "auth.permission", "pk": 52, "fields": {"name": "Can view periodic tasks", "content_type": 13, "codename": "view_periodictasks"}}, {"model": "auth.permission", "pk": 53, "fields": {"name": "Can add solar event", "content_type": 14, "codename": "add_solarschedule"}}, {"model": "auth.permission", "pk": 54, "fields": {"name": "Can change solar event", "content_type": 14, "codename": "change_solarschedule"}}, {"model": "auth.permission", "pk": 55, "fields": {"name": "Can delete solar event", "content_type": 14, "codename": "delete_solarschedule"}}, {"model": "auth.permission", "pk": 56, "fields": {"name": "Can view solar event", "content_type": 14, "codename": "view_solarschedule"}}, {"model": "auth.permission", "pk": 57, "fields": {"name": "Can add clocked", "content_type": 15, "codename": "add_clockedschedule"}}, {"model": "auth.permission", "pk": 58, "fields": {"name": "Can change clocked", "content_type": 15, "codename": "change_clockedschedule"}}, {"model": "auth.permission", "pk": 59, "fields": {"name": "Can delete clocked", "content_type": 15, "codename": "delete_clockedschedule"}}, {"model": "auth.permission", "pk": 60, "fields": {"name": "Can view clocked", "content_type": 15, "codename": "view_clockedschedule"}}, {"model": "contenttypes.contenttype", "pk": 1, "fields": {"app_label": "admin", "model": "logentry"}}, {"model": "contenttypes.contenttype", "pk": 2, "fields": {"app_label": "auth", "model": "permission"}}, {"model": "contenttypes.contenttype", "pk": 3, "fields": {"app_label": "auth", "model": "group"}}, {"model": "contenttypes.contenttype", "pk": 4, "fields": {"app_label": "contenttypes", "model": "contenttype"}}, {"model": "contenttypes.contenttype", "pk": 5, "fields": {"app_label": "sessions", "model": "session"}}, {"model": "contenttypes.contenttype", "pk": 6, "fields": {"app_label": "library", "model": "book"}}, {"model": "contenttypes.contenttype", "pk": 7, "fields": {"app_label": "borrowing", "model": "borrowing"}}, {"model": "contenttypes.contenttype", "pk": 8, "fields": {"app_label": "user", "model": "user"}}, {"model": "contenttypes.contenttype", "pk": 9, "fields": {"app_label": "payment", "model": "payment"}}, {"model": "contenttypes.contenttype", "pk": 10, "fields": {"app_label": "django_celery_beat", "model": "crontabschedule"}}, {"model": "contenttypes.contenttype", "pk": 11, "fields": {"app_label": "django_celery_beat", "model": "intervalschedule"}}, {"model": "contenttypes.contenttype", "pk": 12, "fields": {"app_label": "django_celery_beat", "model": "periodictask"}}, {"model": "contenttypes.contenttype", "pk": 13, "fields": {"app_label": "django_celery_beat", "model": "periodictasks"}}, {"model": "contenttypes.contenttype", "pk": 14, "fields": {"app_label": "django_celery_beat", "model": "solarschedule"}}, {"model": "contenttypes.contenttype", "pk": 15, "fields": {"app_label": "django_celery_beat", "model": "clockedschedule"}}, {"model": "sessions.session", "pk": "3k113aac6bg3g647d90zmboygxd8wjdq", "fields": {"session_data": ".eJxVjDsOwjAQBe_iGll44y8lPWew1usNDiBbipMKcXcSKQW0b-bNW0RclxLXznOcsrgIJU6_W0J6ct1BfmC9N0mtLvOU5K7Ig3Z5a5lf18P9CxTsZXtD8OOZQ3YeUDEb7RjIB3DaE2faQhTGrAGNYQUDghqsZ8tsUwBPSny-8eU4RQ:1rEYlo:vgzxZmSY7-XZDKpnSZtlJVbmhwgB3EiAOhmJ8Uow0MM", "expire_date": "2023-12-30T17:48:12.519Z"}}, {"model": "sessions.session", "pk": "y8f6x8koyjs0cnnbhjbfdzfdwb98jqod", "fields": {"session_data": ".eJxVjM0OwiAQhN-FsyHQVX48eu8zkIVdpGogKe3J-O62SQ96nPm-mbcIuC4lrJ3nMJG4Ci1Ov13E9OS6A3pgvTeZWl3mKcpdkQftcmzEr9vh_h0U7GVb2wyZDLBh1FkRcYQtZWJL7L1DSNkqB1GrweHZW3CG4kDuAjoiGxSfLxQJOM8:1rFCF9:XkrpGwMhnyBy69B2GVstu62eJ7NWuZNWD-fyBhFxfME", "expire_date": "2024-01-01T11:57:07.206Z"}}, {"model": "library.book", "pk": 1, "fields": {"title": "Path to the Dawn", "author": "Elena Kovalchuk", "cover": "H", "inventory": 9, "daily": "5.00", "image": "uploads/book/path-to-the-dawn-bc12db21-19a9-4154-b236-54fc1edc8cfb..jpg"}}, {"model": "library.book", "pk": 2, "fields": {"title": "Whispering Shadows", "author": "Sarah Morgan", "cover": "H", "inventory": 24, "daily": "2.00", "image": "uploads/book/whispering-shadows-6e85fbe3-81db-4f78-92ff-b2d7aedbe9fa..jpg"}}, {"model": "library.book", "pk": 3, "fields": {"title": "Chronicles of Eternity", "author": "Jonathan Turner", "cover": "H", "inventory": 11, "daily": "3.00", "image": "uploads/book/chronicles-of-eternity-ef15c718-9220-4958-ac17-757eec35999d..jpg"}}, {"model": "library.book", "pk": 4, "fields": {"title": "Beyond the Horizon", "author": "Amanda Reed", "cover": "H", "inventory": 17, "daily": "5.00", "image": "uploads/book/beyond-the-horizon-bce12d56-920e-4091-913c-fe0a89b2cd99..jpg"}}, {"model": "library.book", "pk": 5, "fields": {"title": "Stars in the Mist", "author": "Christopher Evans", "cover": "H", "inventory": 65, "daily": "6.00", "image": "uploads/book/stars-in-the-mist-45067f16-231f-4d26-aa7e-786b3aeb4438..jpg"}}, {"model": "library.book", "pk": 6, "fields": {"title": "Echoes of Atlantis", "author": "Isabella Sanchez", "cover": "S", "inventory": 22, "daily": "10.00", "image": "uploads/book/echoes-of-atlantis-e4fd2981-099e-443f-8438-0a3d32968bd7..jpg"}}, {"model": "library.book", "pk": 7, "fields": {"title": "Enchanting Alchemy", "author": "Gregory Wells", "cover": "H", "inventory": 56, "daily": "2.00", "image": "uploads/book/enchanting-alchemy-2c231bd4-b38e-4427-a334-f7e2c23e7f6a..jpg"}}, {"model": "library.book", "pk": 8, "fields": {"title": "Celestial Harmony", "author": "Maya Thornton", "cover": "H", "inventory": 1, "daily": "15.00", "image": "uploads/book/celestial-harmony-351538fe-5e6e-4bdd-b8ba-7480da265879..jpg"}}, {"model": "library.book", "pk": 9, "fields": {"title": "To Kill a Mockingbird", "author": "Harper Lee", "cover": "H", "inventory": 25, "daily": "10.99", "image": "uploads/book/to-kill-a-mockingbird-e9aa084d-77b5-4b76-bd07-5139c35c44eb.jpg"}}, {"model": "library.book", "pk": 10, "fields": {"title": "The Great Gatsby", "author": "F. Scott Fitzgerald", "cover": "H", "inventory": 7, "daily": "39.99", "image": "uploads/book/the-great-gatsby-a16878a6-6072-417d-8bec-d2b7139cfcfa.jpg"}}, {"model": "library.book", "pk": 11, "fields": {"title": "Pride and Prejudice", "author": "Jane Austen", "cover": "S", "inventory": 35, "daily": "9.90", "image": "uploads/book/pride-and-prejudice-670a2b88-4e17-4866-9439-e67e21a1e51b.webp"}}, {"model": "library.book", "pk": 12, "fields": {"title": "The Catcher in the Rye", "author": "J.D. Salinger", "cover": "S", "inventory": 6, "daily": "15.00", "image": "uploads/book/the-catcher-in-the-rye-ab2666f9-38c4-4606-9565-04061cf5f5c4.webp"}}, {"model": "library.book", "pk": 13, "fields": {"title": "Harry Potter and the Sorcerer's Stone", "author": "J.K. Rowling", "cover": "H", "inventory": 34, "daily": "12.50", "image": "uploads/book/harry-potter-and-the-sorcerers-stone-e634427c-23b7-4a09-9f5d-b8b437c9025d.webp"}}, {"model": "library.book", "pk": 14, "fields": {"title": "To the Lighthouse", "author": "Virginia Woolf", "cover": "H", "inventory": 25, "daily": "9.99", "image": "uploads/book/to-the-lighthouse-06e91bb0-92e9-4abd-9885-c6141b8bf5d5.jpg"}}, {"model": "library.book", "pk": 15, "fields": {"title": "The Lord of the Rings: The Fellowship of the Ring", "author": "J.R.R. Tolkien", "cover": "S", "inventory": 11, "daily": "25.49", "image": "uploads/book/the-lord-of-the-rings-the-fellowship-of-the-ring-8f34fde1-d11f-469a-b499-7b_7bwMlIK.jpg"}}, {"model": "library.book", "pk": 16, "fields": {"title": "The Hobbit", "author": "J.R.R. Tolkien", "cover": "H", "inventory": 15, "daily": "15.99", "image": "uploads/book/the-hobbit-94c666f8-5d85-4414-baf7-8d57e7f87078.jpeg"}}, {"model": "library.book", "pk": 17, "fields": {"title": "Brave New World", "author": "Aldous Huxley", "cover": "S", "inventory": 31, "daily": "23.99", "image": "uploads/book/brave-new-world-3d90d56e-e7cf-4cad-a7e8-9ed8dc599975.webp"}}, {"model": "library.book", "pk": 18, "fields": {"title": "Kobzar", "author": "Taras Shevchenko", "cover": "H", "inventory": 55, "daily": "150.99", "image": "uploads/book/kobzar-d90d27e8-8006-4a40-aade-bc1f512a1693.jpeg"}}, {"model": "library.book", "pk": 19, "fields": {"title": "The Alchemist", "author": "Paulo Coelho", "cover": "H", "inventory": 13, "daily": "22.50", "image": "uploads/book/the-alchemist-0d3cf394-6758-4fba-86e4-c344333f23f7.webp"}}, {"model": "library.book", "pk": 20, "fields": {"title": "The Da Vinci Code", "author": "Dan Brown", "cover": "S", "inventory": 13, "daily": "15.99", "image": "uploads/book/the-da-vinci-code-555a8393-7dde-4279-a276-ad27f77c5dba.jpg"}}, {"model": "borrowing.borrowing", "pk": 1, "fields": {"borrow_date": "2023-12-16", "expected_return_date": "2023-12-17", "actual_return_date": null, "book": 1, "user": 3}}, {"model": "borrowing.borrowing", "pk": 2, "fields": {"borrow_date": "2023-12-16", "expected_return_date": "2023-12-17", "actual_return_date": null, "book": 5, "user": 4}}, {"model": "borrowing.borrowing", "pk": 3, "fields": {"borrow_date": "2023-12-16", "expected_return_date": "2023-12-17", "actual_return_date": null, "book": 5, "user": 4}}, {"model": "borrowing.borrowing", "pk": 4, "fields": {"borrow_date": "2023-12-16", "expected_return_date": "2023-12-17", "actual_return_date": null, "book": 8, "user": 1}}, {"model": "borrowing.borrowing", "pk": 5, "fields": {"borrow_date": "2023-12-16", "expected_return_date": "2023-12-17", "actual_return_date": null, "book": 8, "user": 5}}, {"model": "borrowing.borrowing", "pk": 16, "fields": {"borrow_date": "2023-12-18", "expected_return_date": "2023-12-26", "actual_return_date": null, "book": 8, "user": 1}}, {"model": "borrowing.borrowing", "pk": 24, "fields": {"borrow_date": "2023-12-18", "expected_return_date": "2023-12-20", "actual_return_date": "2023-12-18", "book": 10, "user": 8}}, {"model": "borrowing.borrowing", "pk": 26, "fields": {"borrow_date": "2023-12-18", "expected_return_date": "2023-12-27", "actual_return_date": "2023-12-18", "book": 12, "user": 10}}, {"model": "borrowing.borrowing", "pk": 27, "fields": {"borrow_date": "2023-12-18", "expected_return_date": "2023-12-28", "actual_return_date": "2023-12-18", "book": 16, "user": 10}}, {"model": "borrowing.borrowing", "pk": 28, "fields": {"borrow_date": "2023-12-18", "expected_return_date": "2023-12-29", "actual_return_date": "2023-12-18", "book": 10, "user": 10}}, {"model": "borrowing.borrowing", "pk": 31, "fields": {"borrow_date": "2023-12-18", "expected_return_date": "2023-12-30", "actual_return_date": "2023-12-18", "book": 1, "user": 9}}, {"model": "borrowing.borrowing", "pk": 32, "fields": {"borrow_date": "2023-12-18", "expected_return_date": "2023-12-31", "actual_return_date": "2023-12-18", "book": 10, "user": 9}}, {"model": "borrowing.borrowing", "pk": 33, "fields": {"borrow_date": "2023-12-18", "expected_return_date": "2023-12-28", "actual_return_date": "2023-12-18", "book": 3, "user": 9}}, {"model": "borrowing.borrowing", "pk": 34, "fields": {"borrow_date": "2023-12-18", "expected_return_date": "2023-12-29", "actual_return_date": "2023-12-18", "book": 20, "user": 8}}, {"model": "borrowing.borrowing", "pk": 35, "fields": {"borrow_date": "2023-12-18", "expected_return_date": "2023-12-31", "actual_return_date": "2023-12-18", "book": 15, "user": 8}}, {"model": "borrowing.borrowing", "pk": 37, "fields": {"borrow_date": "2023-12-18", "expected_return_date": "2023-12-31", "actual_return_date": "2023-12-18", "book": 5, "user": 11}}, {"model": "borrowing.borrowing", "pk": 38, "fields": {"borrow_date": "2023-12-18", "expected_return_date": "2023-12-29", "actual_return_date": "2023-12-18", "book": 8, "user": 11}}, {"model": "borrowing.borrowing", "pk": 39, "fields": {"borrow_date": "2023-12-18", "expected_return_date": "2023-12-28", "actual_return_date": "2023-12-18", "book": 13, "user": 11}}, {"model": "user.user", "pk": 1, "fields": {"password": "pbkdf2_sha256$600000$Hom8ETEVR4bExc09ytx7di$eeB6lgCXjnXSyYycNi9AFNmXwXnTDe1bCQjRaRH4lHc=", "last_login": "2023-12-18T11:57:07.205Z", "is_superuser": true, "first_name": "", "last_name": "", "is_staff": true, "is_active": true, "date_joined": "2023-12-16T17:47:50.097Z", "telegram_notifications_enabled": false, "telegram_id": null, "email": "admin@admin.com", "groups": [], "user_permissions": []}}, {"model": "user.user", "pk": 2, "fields": {"password": "pbkdf2_sha256$720000$FaLqOjkdDN1qwhXlmNHUir$LOtVsnfMRdGKXsCPCYM3e7OIo9ibChYRBD+mjdU99a8=", "last_login": null, "is_superuser": false, "first_name": "", "last_name": "", "is_staff": false, "is_active": true, "date_joined": "2023-12-16T17:54:01.273Z", "telegram_notifications_enabled": false, "telegram_id": null, "email": "tester@gmail.com", "groups": [], "user_permissions": []}}, {"model": "user.user", "pk": 3, "fields": {"password": "pbkdf2_sha256$720000$YjT7mQtvCvLC89oK4Uo3iC$DcFQhoeA/SqE+qp7it///z1uqwRnPdx4maDI/iDV48k=", "last_login": null, "is_superuser": false, "first_name": "", "last_name": "", "is_staff": false, "is_active": true, "date_joined": "2023-12-16T17:54:25.129Z", "telegram_notifications_enabled": false, "telegram_id": null, "email": "tester2@gmail.com", "groups": [], "user_permissions": []}}, {"model": "user.user", "pk": 4, "fields": {"password": "pbkdf2_sha256$720000$j05hPn03xydkQALlXeGZfT$0GfAx08fUlf1cD/XY+Bnl7NVZSRc2OMuSylBBneBx14=", "last_login": null, "is_superuser": false, "first_name": "", "last_name": "", "is_staff": false, "is_active": true, "date_joined": "2023-12-16T17:54:42.924Z", "telegram_notifications_enabled": false, "telegram_id": null, "email": "tester3@gmail.com", "groups": [], "user_permissions": []}}, {"model": "user.user", "pk": 5, "fields": {"password": "pbkdf2_sha256$720000$txMo0WSX5xc3fRE1zKZTeP$q/fQuqtv994cxzMpuCsUeCaFP8PfqhIta4n+azM3dGE=", "last_login": null, "is_superuser": false, "first_name": "", "last_name": "", "is_staff": false, "is_active": true, "date_joined": "2023-12-16T17:55:01.365Z", "telegram_notifications_enabled": false, "telegram_id": null, "email": "tester4@gmail.com", "groups": [], "user_permissions": []}}, {"model": "user.user", "pk": 7, "fields": {"password": "pbkdf2_sha256$600000$Dmrx5W0L0aSgW22vhBZkHW$W4k/lniNBsisFESkALeLLX66jNGF1xoB3mpFeId7jlc=", "last_login": null, "is_superuser": false, "first_name": "", "last_name": "", "is_staff": false, "is_active": true, "date_joined": "2023-12-18T09:39:04.044Z", "telegram_notifications_enabled": true, "telegram_id": 562745779, "email": "pidborskii17@gmail.com", "groups": [], "user_permissions": []}}, {"model": "user.user", "pk": 8, "fields": {"password": "pbkdf2_sha256$600000$JrkEB23fnmlP6Iy9eB9ZTX$7xcSmQMi/1nVHai+hqHGGmANzdxdnOKXfydMovMpQnY=", "last_login": null, "is_superuser": false, "first_name": "", "last_name": "", "is_staff": false, "is_active": true, "date_joined": "2023-12-18T09:40:31Z", "telegram_notifications_enabled": true, "telegram_id": 5000278099, "email": "petrykiv.dmytro19@gmail.com", "groups": [], "user_permissions": []}}, {"model": "user.user", "pk": 9, "fields": {"password": "pbkdf2_sha256$600000$G46PVhj5Do8fhAYYafmVta$EK8gh45aJ7AB0iyzkLZSRXPqKkGlwngplzZG4m16zGk=", "last_login": null, "is_superuser": false, "first_name": "", "last_name": "", "is_staff": false, "is_active": true, "date_joined": "2023-12-18T09:41:14Z", "telegram_notifications_enabled": true, "telegram_id": 313167613, "email": "sevkrok@gmail.com", "groups": [], "user_permissions": []}}, {"model": "user.user", "pk": 10, "fields": {"password": "pbkdf2_sha256$600000$tLf7ta8kWY68gFQURQJbmW$db8YCzKS1qqyzJQlZ5h0NSYi/GzWQYiLGxEJV2pJZCY=", "last_login": null, "is_superuser": false, "first_name": "", "last_name": "", "is_staff": false, "is_active": true, "date_joined": "2023-12-18T09:41:56Z", "telegram_notifications_enabled": true, "telegram_id": 424234014, "email": "2prochigor@gmail.com", "groups": [], "user_permissions": []}}, {"model": "user.user", "pk": 11, "fields": {"password": "pbkdf2_sha256$600000$fFj6kaSJxQMmC2yojKzoRI$RAyXSCjH4T28xBGjhdcrWA4gHKRUSN7iFqHgouzal2M=", "last_login": null, "is_superuser": false, "first_name": "", "last_name": "", "is_staff": false, "is_active": true, "date_joined": "2023-12-18T09:42:40Z", "telegram_notifications_enabled": true, "telegram_id": 798678435, "email": "den.prislipskyi@gmail.com", "groups": [], "user_permissions": []}}, {"model": "payment.payment", "pk": 12, "fields": {"status": "PAID", "type": "PAYMENT", "borrowing": 24, "session_url": "https://checkout.stripe.com/c/pay/cs_test_a1lRxj6E86RaHuhVKTkbnspKVySdJMDoNDtUVD7fzIDvpZe2EHC1sO73wk#fidkdWxOYHwnPyd1blpxYHZxWjA0SktDQUhOVDZ9az1PUnFkT1ZzN2g0M0hqVklAMn83VWpifWBdbmRVN3xuRGtSanNXbENEYHBoNjN0YnRPcWc3Q2xzSEhxaDdhYWpSYExdRmhsbG1AR1RcNTU0YFNnN2lOSScpJ2N3amhWYHdzYHcnP3F3cGApJ2lkfGpwcVF8dWAnPyd2bGtiaWBabHFgaCcpJ2BrZGdpYFVpZGZgbWppYWB3dic%2FcXdwYHgl", "session_id": "cs_test_a1lRxj6E86RaHuhVKTkbnspKVySdJMDoNDtUVD7fzIDvpZe2EHC1sO73wk", "money_to_pay": "119.97", "user": 8}}, {"model": "payment.payment", "pk": 14, "fields": {"status": "PAID", "type": "PAYMENT", "borrowing": 26, "session_url": "https://checkout.stripe.com/c/pay/cs_test_a13Dql8Ux5Q3jsClxAzQ8lGv2XonYCmPQgvGquhtMp1Z9dcmUmiOxZbDwc#fidkdWxOYHwnPyd1blpxYHZxWjA0SktDQUhOVDZ9az1PUnFkT1ZzN2g0M0hqVklAMn83VWpifWBdbmRVN3xuRGtSanNXbENEYHBoNjN0YnRPcWc3Q2xzSEhxaDdhYWpSYExdRmhsbG1AR1RcNTU0YFNnN2lOSScpJ2N3amhWYHdzYHcnP3F3cGApJ2lkfGpwcVF8dWAnPyd2bGtiaWBabHFgaCcpJ2BrZGdpYFVpZGZgbWppYWB3dic%2FcXdwYHgl", "session_id": "cs_test_a13Dql8Ux5Q3jsClxAzQ8lGv2XonYCmPQgvGquhtMp1Z9dcmUmiOxZbDwc", "money_to_pay": "150.00", "user": 10}}, {"model": "payment.payment", "pk": 15, "fields": {"status": "PAID", "type": "PAYMENT", "borrowing": 27, "session_url": "https://checkout.stripe.com/c/pay/cs_test_a1IOHDAm8GL37T2NnLigP0N1C169NhQcNrHhvpEpWKwArHqlpsND4jftMM#fidkdWxOYHwnPyd1blpxYHZxWjA0SktDQUhOVDZ9az1PUnFkT1ZzN2g0M0hqVklAMn83VWpifWBdbmRVN3xuRGtSanNXbENEYHBoNjN0YnRPcWc3Q2xzSEhxaDdhYWpSYExdRmhsbG1AR1RcNTU0YFNnN2lOSScpJ2N3amhWYHdzYHcnP3F3cGApJ2lkfGpwcVF8dWAnPyd2bGtiaWBabHFgaCcpJ2BrZGdpYFVpZGZgbWppYWB3dic%2FcXdwYHgl", "session_id": "cs_test_a1IOHDAm8GL37T2NnLigP0N1C169NhQcNrHhvpEpWKwArHqlpsND4jftMM", "money_to_pay": "175.89", "user": 10}}, {"model": "payment.payment", "pk": 16, "fields": {"status": "PAID", "type": "PAYMENT", "borrowing": 28, "session_url": "https://checkout.stripe.com/c/pay/cs_test_a1zp2k3rpcGMFUpOmiuAvAspLwJjGvMxztTCVsJfngr2aXsn8bvsc7giLD#fidkdWxOYHwnPyd1blpxYHZxWjA0SktDQUhOVDZ9az1PUnFkT1ZzN2g0M0hqVklAMn83VWpifWBdbmRVN3xuRGtSanNXbENEYHBoNjN0YnRPcWc3Q2xzSEhxaDdhYWpSYExdRmhsbG1AR1RcNTU0YFNnN2lOSScpJ2N3amhWYHdzYHcnP3F3cGApJ2lkfGpwcVF8dWAnPyd2bGtiaWBabHFgaCcpJ2BrZGdpYFVpZGZgbWppYWB3dic%2FcXdwYHgl", "session_id": "cs_test_a1zp2k3rpcGMFUpOmiuAvAspLwJjGvMxztTCVsJfngr2aXsn8bvsc7giLD", "money_to_pay": "479.88", "user": 10}}, {"model": "payment.payment", "pk": 19, "fields": {"status": "PAID", "type": "PAYMENT", "borrowing": 31, "session_url": "https://checkout.stripe.com/c/pay/cs_test_a1vnhI1aiPePtRZ72eRNGU1H94R9KzAIBPQyggH3fBFTmS7YNhYLnXUv8Y#fidkdWxOYHwnPyd1blpxYHZxWjA0SktDQUhOVDZ9az1PUnFkT1ZzN2g0M0hqVklAMn83VWpifWBdbmRVN3xuRGtSanNXbENEYHBoNjN0YnRPcWc3Q2xzSEhxaDdhYWpSYExdRmhsbG1AR1RcNTU0YFNnN2lOSScpJ2N3amhWYHdzYHcnP3F3cGApJ2lkfGpwcVF8dWAnPyd2bGtiaWBabHFgaCcpJ2BrZGdpYFVpZGZgbWppYWB3dic%2FcXdwYHgl", "session_id": "cs_test_a1vnhI1aiPePtRZ72eRNGU1H94R9KzAIBPQyggH3fBFTmS7YNhYLnXUv8Y", "money_to_pay": "65.00", "user": 9}}, {"model": "payment.payment", "pk": 20, "fields": {"status": "PAID", "type": "PAYMENT", "borrowing": 32, "session_url": "https://checkout.stripe.com/c/pay/cs_test_a1SJEMosLTZrrtulDZ4ZYNnOk26JReSJwy3kXuOgzkUU5OYNLzarwV73tb#fidkdWxOYHwnPyd1blpxYHZxWjA0SktDQUhOVDZ9az1PUnFkT1ZzN2g0M0hqVklAMn83VWpifWBdbmRVN3xuRGtSanNXbENEYHBoNjN0YnRPcWc3Q2xzSEhxaDdhYWpSYExdRmhsbG1AR1RcNTU0YFNnN2lOSScpJ2N3amhWYHdzYHcnP3F3cGApJ2lkfGpwcVF8dWAnPyd2bGtiaWBabHFgaCcpJ2BrZGdpYFVpZGZgbWppYWB3dic%2FcXdwYHgl", "session_id": "cs_test_a1SJEMosLTZrrtulDZ4ZYNnOk26JReSJwy3kXuOgzkUU5OYNLzarwV73tb", "money_to_pay": "559.86", "user": 9}}, {"model": "payment.payment", "pk": 21, "fields": {"status": "PAID", "type": "PAYMENT", "borrowing": 33, "session_url": "https://checkout.stripe.com/c/pay/cs_test_a1uVCHhRYMlutatOA1JeRup8ToJgSkbrA38Rs7GVFlstu3RUDoMIBCj84m#fidkdWxOYHwnPyd1blpxYHZxWjA0SktDQUhOVDZ9az1PUnFkT1ZzN2g0M0hqVklAMn83VWpifWBdbmRVN3xuRGtSanNXbENEYHBoNjN0YnRPcWc3Q2xzSEhxaDdhYWpSYExdRmhsbG1AR1RcNTU0YFNnN2lOSScpJ2N3amhWYHdzYHcnP3F3cGApJ2lkfGpwcVF8dWAnPyd2bGtiaWBabHFgaCcpJ2BrZGdpYFVpZGZgbWppYWB3dic%2FcXdwYHgl", "session_id": "cs_test_a1uVCHhRYMlutatOA1JeRup8ToJgSkbrA38Rs7GVFlstu3RUDoMIBCj84m", "money_to_pay": "33.00", "user": 9}}, {"model": "payment.payment", "pk": 22, "fields": {"status": "PAID", "type": "PAYMENT", "borrowing": 34, "session_url": "https://checkout.stripe.com/c/pay/cs_test_a1s6fC83ZFoccD5Fvsz7vBf22ZthEnMh2DU1lswyE1qwSzEuVL74TUabdh#fidkdWxOYHwnPyd1blpxYHZxWjA0SktDQUhOVDZ9az1PUnFkT1ZzN2g0M0hqVklAMn83VWpifWBdbmRVN3xuRGtSanNXbENEYHBoNjN0YnRPcWc3Q2xzSEhxaDdhYWpSYExdRmhsbG1AR1RcNTU0YFNnN2lOSScpJ2N3amhWYHdzYHcnP3F3cGApJ2lkfGpwcVF8dWAnPyd2bGtiaWBabHFgaCcpJ2BrZGdpYFVpZGZgbWppYWB3dic%2FcXdwYHgl", "session_id": "cs_test_a1s6fC83ZFoccD5Fvsz7vBf22ZthEnMh2DU1lswyE1qwSzEuVL74TUabdh", "money_to_pay": "191.88", "user": 8}}, {"model": "payment.payment", "pk": 23, "fields": {"status": "PAID", "type": "PAYMENT", "borrowing": 35, "session_url": "https://checkout.stripe.com/c/pay/cs_test_a1uH9MAoISm41a7lJ2q5OlIGDrW3eBdkotWzxoXya9jsA5nXNn71ENRKHv#fidkdWxOYHwnPyd1blpxYHZxWjA0SktDQUhOVDZ9az1PUnFkT1ZzN2g0M0hqVklAMn83VWpifWBdbmRVN3xuRGtSanNXbENEYHBoNjN0YnRPcWc3Q2xzSEhxaDdhYWpSYExdRmhsbG1AR1RcNTU0YFNnN2lOSScpJ2N3amhWYHdzYHcnP3F3cGApJ2lkfGpwcVF8dWAnPyd2bGtiaWBabHFgaCcpJ2BrZGdpYFVpZGZgbWppYWB3dic%2FcXdwYHgl", "session_id": "cs_test_a1uH9MAoISm41a7lJ2q5OlIGDrW3eBdkotWzxoXya9jsA5nXNn71ENRKHv", "money_to_pay": "356.85", "user": 8}}, {"model": "payment.payment", "pk": 25, "fields": {"status": "PAID", "type": "PAYMENT", "borrowing": 37, "session_url": "https://checkout.stripe.com/c/pay/cs_test_a1EAfq46Wnm1VXs9tV3TQKvFIVhdREI3BNYorpunnQ5RYvU2fBoQL7AA5a#fidkdWxOYHwnPyd1blpxYHZxWjA0SktDQUhOVDZ9az1PUnFkT1ZzN2g0M0hqVklAMn83VWpifWBdbmRVN3xuRGtSanNXbENEYHBoNjN0YnRPcWc3Q2xzSEhxaDdhYWpSYExdRmhsbG1AR1RcNTU0YFNnN2lOSScpJ2N3amhWYHdzYHcnP3F3cGApJ2lkfGpwcVF8dWAnPyd2bGtiaWBabHFgaCcpJ2BrZGdpYFVpZGZgbWppYWB3dic%2FcXdwYHgl", "session_id": "cs_test_a1EAfq46Wnm1VXs9tV3TQKvFIVhdREI3BNYorpunnQ5RYvU2fBoQL7AA5a", "money_to_pay": "84.00", "user": 11}}, {"model": "payment.payment", "pk": 26, "fields": {"status": "PAID", "type": "PAYMENT", "borrowing": 38, "session_url": "https://checkout.stripe.com/c/pay/cs_test_a1JgdXTuxayTtJknevYGY6ucKj6dzEMG0nNpAut1BDYTibInwRXl4NJUCp#fidkdWxOYHwnPyd1blpxYHZxWjA0SktDQUhOVDZ9az1PUnFkT1ZzN2g0M0hqVklAMn83VWpifWBdbmRVN3xuRGtSanNXbENEYHBoNjN0YnRPcWc3Q2xzSEhxaDdhYWpSYExdRmhsbG1AR1RcNTU0YFNnN2lOSScpJ2N3amhWYHdzYHcnP3F3cGApJ2lkfGpwcVF8dWAnPyd2bGtiaWBabHFgaCcpJ2BrZGdpYFVpZGZgbWppYWB3dic%2FcXdwYHgl", "session_id": "cs_test_a1JgdXTuxayTtJknevYGY6ucKj6dzEMG0nNpAut1BDYTibInwRXl4NJUCp", "money_to_pay": "180.00", "user": 11}}, {"model": "payment.payment", "pk": 27, "fields": {"status": "PAID", "type": "PAYMENT", "borrowing": 39, "session_url": "https://checkout.stripe.com/c/pay/cs_test_a1vEyKgqgl9nVY6lKh0DK61t4W0fcFCXr55AjuvU1X3uT3UCK1IvK4ab7l#fidkdWxOYHwnPyd1blpxYHZxWjA0SktDQUhOVDZ9az1PUnFkT1ZzN2g0M0hqVklAMn83VWpifWBdbmRVN3xuRGtSanNXbENEYHBoNjN0YnRPcWc3Q2xzSEhxaDdhYWpSYExdRmhsbG1AR1RcNTU0YFNnN2lOSScpJ2N3amhWYHdzYHcnP3F3cGApJ2lkfGpwcVF8dWAnPyd2bGtiaWBabHFgaCcpJ2BrZGdpYFVpZGZgbWppYWB3dic%2FcXdwYHgl", "session_id": "cs_test_a1vEyKgqgl9nVY6lKh0DK61t4W0fcFCXr55AjuvU1X3uT3UCK1IvK4ab7l", "money_to_pay": "137.50", "user": 11}}, {"model": "django_celery_beat.crontabschedule", "pk": 1, "fields": {"minute": "0", "hour": "4", "day_of_week": "*", "day_of_month": "*", "month_of_year": "*", "timezone": "Europe/Kiev"}}, {"model": "django_celery_beat.crontabschedule", "pk": 2, "fields": {"minute": "0", "hour": "12", "day_of_week": "*", "day_of_month": "*", "month_of_year": "*", "timezone": "Europe/Kiev"}}, {"model": "django_celery_beat.periodictasks", "pk": 1, "fields": {"last_update": "2023-12-18T11:56:50.591Z"}}, {"model": "django_celery_beat.periodictask", "pk": 1, "fields": {"name": "celery.backend_cleanup", "task": "celery.backend_cleanup", "interval": null, "crontab": 1, "solar": null, "clocked": null, "args": "[]", "kwargs": "{}", "queue": null, "exchange": null, "routing_key": null, "headers": "{}", "priority": null, "expires": null, "expire_seconds": 43200, "one_off": false, "start_time": null, "enabled": true, "last_run_at": null, "total_run_count": 0, "date_changed": "2023-12-18T11:56:45.541Z", "description": ""}}, {"model": "django_celery_beat.periodictask", "pk": 2, "fields": {"name": "my-task-every-day", "task": "borrowing.tasks.borrowing_books", "interval": null, "crontab": 2, "solar": null, "clocked": null, "args": "[]", "kwargs": "{}", "queue": null, "exchange": null, "routing_key": null, "headers": "{}", "priority": null, "expires": null, "expire_seconds": null, "one_off": false, "start_time": null, "enabled": true, "last_run_at": "2023-12-18T10:00:00.026Z", "total_run_count": 1, "date_changed": "2023-12-18T11:56:50.590Z", "description": ""}}]
